step,loss
0,1.113100
50,0.197500
100,0.119200
150,0.099400
200,0.081900
250,0.067100
300,0.066700
350,0.075100
400,0.057800
450,0.059400
