step,loss
0,0.842700
50,0.044100
100,0.036500
150,0.034200
200,0.027300
250,0.031000
300,0.028600
350,0.026200
400,0.025000
450,0.025800
