step,loss
0,0.864800
50,0.139600
100,0.123200
150,0.103200
200,0.114600
250,0.108900
300,0.101700
350,0.099800
400,0.092800
450,0.111400
