step,loss
0,1.114700
50,0.246700
100,0.166900
150,0.127700
200,0.111700
250,0.089900
300,0.091100
350,0.080500
400,0.081200
450,0.088600
