step,loss
0,0.855000
50,0.086600
100,0.069600
150,0.056000
200,0.059100
250,0.058300
300,0.055400
350,0.055300
400,0.053100
450,0.050300
