step,loss
0,1.118000
50,0.270600
100,0.188400
150,0.158700
200,0.136500
250,0.116700
300,0.093800
350,0.101400
400,0.096300
450,0.104200
